Speaker Name,イン点,アウト点,文字起こし,色選択
田丸,00:00:44:04,00:01:19:02,そうですね。専門が深いっていうところは本当に素晴らしいことだと思っていて。僕自身もどっちかというと職人さんが好きといいますか、深堀力がすごい好き作家ですので好きなので、専門性を突き詰めることはすごい素敵なことだと思っていますね。その上で、いわゆる越境といいますか、自分の専門ではないところとも知るとか、そこと掛け算していく、コラボしていくっていうところも、自分の専門性があるからこそ面白いものがある。,Violet
田丸,00:01:19:06,00:01:37:03,で、逆に向こう側、そのコラボ先ですとか、いわゆる越境先の人からすると知らないこと、こっちの知らないことだってあるはずなので、深掘りしてるからこそコラボのしがいがある、越境のしがいがあるなと思いますけどね。,Violet
田丸,00:02:11:10,00:02:36:08,そうですね。硬直化みたいなことだとは思いますね。確かにそれはやっぱり善し悪しで言うと、弊害、支障が出ることが多いんだろうなとは思います。で、それについてはどうでしょうかね。ひとつ僕が思うのは、そのままだと確実に長続きしないよってことですよね。,Violet
田丸,00:02:36:10,00:02:54:08,もちろん運が良かったり、場合によってはするかもしれないんですけど、必ずそれが明日明後日のことなのか、数10年後のことなのかわからないんですけど、やっぱり一つのことに先鋭化し過ぎたら細くなって、悪い意味で細くなって、ポキっといつか折れる。,Violet
田丸,00:02:54:08,00:03:10:10,必ず折れるんじゃないかなっていうのは思ってますんで、危機感ですよね。とは言っても、数10年後のことを危機感を持って今やるって相当難しいとは思うんですけど。そうですね。やっぱり。,Violet
田丸,00:03:10:12,00:03:18:13,それはやっぱり長く続かないぞっていうところをなんとかインストールするって感じですかね。,Violet
田丸,00:03:47:10,00:04:13:06,よく文系理系っていう括りでも言われますけどね。僕自身はいわゆる理系工学部出身ですし。で、今はいわゆる文系というイメージのものをやっているので、転身ですねとか、何かこう大胆なとかってよく言っていただくんですけど、僕は全く実はそういう意識はなくて、もともと文系理系という意識内で3割区別のためにとか、便宜的にっていうところはそれはありますよ。,Violet
田丸,00:04:13:09,00:04:30:23,でも本質的なところでいうと、僕は全然なんでしょう。もともと教科だけで言ってもわりと全部好きなタイプなので誰かが僕である自分ではない誰かがラベリングしてるっていう、文系と理系というのがあるっていう、それだけだったんですよ。,Violet
田丸,00:04:30:23,00:04:49:11,なので、自分の中では1貫して作るという軸でずっとやってきてるんですけど、それでいうとたぶん組織とか肩書きとかもそうですけどね。部署の肩書きもそうですけど、何かそういうものも個人的にはそれ誰かが作ったものなので、そもそもそんなものはないっていうところ。,Violet
田丸,00:04:49:13,00:05:10:06,原因、幻影といいますか。まぁいや、いいんですよ。幻影とか幻想といいますかね。そのおかげで生きやすくなる。それは間違いないですけど、そこに悩んでいるとか、何かそれによってこう弊害が出てるのであれば、やっぱりそれはいびつなことなので、なんでなんでもいいんですよ、営業職とかエンジニアとかって。,Violet
田丸,00:05:10:07,00:05:43:22,これすらも、じゃ協会はどこだとか何ですかね。それは本当に誰かがエンジニアという名付けただけの話なので。いや、何か何でしょうね。だからそもそも壁はない。で、越境するって言葉がありますけど、越境というか、何か自分という個が個人個が生きているという中で、本来無い仕切りをやっぱなかったねっていうところでふらっと行くような、そんな感じを僕はあるんですけどね。,Violet
田丸,00:06:05:23,00:06:26:08,やっぱりあります。この壁があるからこそ、それが幻想かもしれませんけどね。一旦その話、わかりやすいってことですね。わかりやすい区別があるということは、ギャップが生まれるってことなので。よくあるイノベーションの源っていうのは、既存の異なる2つのものを組み合わせるんだとかよく言われますけどね。,Violet
田丸,00:06:26:08,00:06:48:01,やっぱ実際そういう側面ってあると思ってまして、これは自分の作品のみならず、活動面でもやっぱりあって、例えば今の文系理系とかもそうですね。理系で小説家、僕の中では全くそれって越境でも何でもないんですけど、ただ分かりやすいギャップが生まれているはずなんですよ。,Violet
田丸,00:06:48:01,00:07:18:10,なので、世間的なとか一般的な方からするとなんで？という驚きになったりですとか、あとはこう、自分自身の培ってきたスキルがその壁といいますかね、向こうとこっちで組み合わせることができる。例えばでいうと、自分自身はこう、環境エネルギーですとか宇宙とかっていう、いわゆるサイエンス的な話題っていうのがすごい好きなので、そういう小説が書けますよと。,Violet
田丸,00:07:18:12,00:07:47:13,めちゃくちゃわかりやすい例ですけどね。そういうことができるので、例えばエンジニア出身で営業職って面白いと思うんです。だからできることがありますし、一般的な壁があるからこそ、多分多くの方は結び付けようと思わないはずなので、じゃあいやいや、壁なんかないから。でも壁に見えるものがあるから、じゃ、この壁同士でくっつけたらいいギャップが生まれて自分の強みになるなっていう、そこは言えると思いますけどね。,Violet
田丸,00:08:19:21,00:08:54:23,そうそう、やっぱりこの新しいところに挑戦するっていうことで、僕の書き方講座とかには来てくれますからね。とにかく大丈夫ですよってこと。そこですね。その環境を場づくりってのは最も肝心だと思ってまして。で、やっぱり僕だって怖いですよ。そんなやったこともないこと、そして苦手だと思ってることに行って、で、それ違うとか、もっと言うとむすっとしてるとかみんながとか、小難しい顔をしてるとか、いや、それは怖いよっていうのはありますから、まずは大丈夫だと。,Violet
田丸,00:08:55:01,00:09:11:10,一応、例えば僕はショートショートの書き方講座のなので、ショートショートというものを書きましょうねってのが確かにゴールではあるんです。ただ、その過程でですよ、例えばご本人が乗ってて、いわゆるこのショートショートというもの、この範疇から外れているケースとかもあるんですよね。,Violet
田丸,00:09:11:10,00:09:30:04,もちろん。でいいんです。それでいいんですよ。それは。その方の中で、これは書くという行為の第1歩を踏み出していて、で、そのいわゆるアジャストしていくといいますか、調整してくのと別に、あとでもう全然いいので、最初にやるべきことっていうのは、しきたりとかお作法じゃなくて、やっぱり興味を持ってもらう。,Violet
田丸,00:09:30:04,00:09:39:18,で、一歩踏み出してみようと思えるかどうか。そういう場づくりっていうところが最も大事だと思いますね。,Violet
田丸,00:10:09:16,00:10:33:04,やっぱり自分の視野を広げるっていう意味でいうと、これもできてるかわかんないんですけど、やっぱりいろんな視点に触れる。で、いろんな話題に触れるってことですね。例えば一番手軽なのは、今もうほんと動画とか番組とかいろんなものがありますから、例えば自分はこれまで関心がなかったテーマのドキュメントが流れてるとか。,Violet
田丸,00:10:33:06,00:10:55:10,まず見るっていう、僕も思いますよ。ちょっと興味ないなっていう会とかあるんですとか、そういう番組つけてても、シリーズで見てたとしても。でもやっぱりそこで一歩こう待つ自分に来て、ちょっと待ってっていうのを結構頑張ってやっててね。作られてる方にも申し訳ないんすけど、半ば強引にちょっと見でもやっぱ面白いんですよ。,Violet
田丸,00:10:55:12,00:11:21:13,見てみるとやっぱり面白いですし、思い込んでたな、そして決めつけてたなっていうところがあったりするんで。もっと言うと自分なりの面白がり方ってのがおそらくあるんですよ。で、根本には好奇心というものが多分必要で、そこも耕すっていうことが同時に大事なんでしょうけど、その上で好奇心がそこそこおありだという大前提の上で、とにかく人と会ったり、いろんなコンテンツに触れる。,Violet
田丸,00:11:21:13,00:11:40:17,それから持ってて人と会うですね。するとやっぱり見えないものが見えてきますし、思わぬ自分の強みにも気づけますよね。向こう側からした自分の強みっていうか。やっぱりその中に入るとこれが自分の強みなんだってなかなか気付けない。よく言われることですけど、やっぱりこれってあると思ってて。,Violet
田丸,00:11:40:17,00:11:47:23,そういう意味でもいろんな人と話すっていうのはあると思いますね。,Violet
,00:00:00:00,00:00:10:02,--- 20s GAP ---,GAP_1
田丸,00:12:45:23,00:13:27:19,わかりました。いやそうですね、自分がじゃ、友人から転職の相談を受けたとしたら実際なくはないですけどね。どうですかね。本当にこればかりはケースバイケースなんですけど、やっぱり望むのか望まないのかっていうところですよね。例えば自分が変わりたいと思っていたりとか、それこそこの先鋭化していることの弊害を感じているからこそ、例えば収入的にはちょっと落ちるかもしれないんだけどと立場、役職がもしあるんだったら、役職は落ちるかもしれないんだけど、このままじゃ良くない気がするって,Rose
田丸,00:13:27:20,00:13:44:11,ことであれば、これは僕だったらぜひ挑戦してもいいんじゃないかと。ちょっと責任は取れませんけども、アドバイスとしては言うと思います。やっぱそれってこの先のことを見据えた上の未来への選択で、未来への投資でもあると思うんですよ。,Rose
田丸,00:13:44:17,00:14:10:21,なのでよっぽど危ないことしてない限りはまあいいんじゃないかと思いますね。あと難しいのは不本意な場合ですよね。例えば、勤めているところが難しい経営状態になったから転職せざるを得ないですとか、転職までいかなくても異動の不本意な異動を、しかもその不本意度合いがかなりだった場合というか、本当に自分のことが分かってないんじゃないかっていうのの確信がかなりある場合ですよね。,Rose
田丸,00:14:10:21,00:14:29:22,これが難しいなと思っていて、やっぱり生きていく上でのこう生きてく、食べていかないといけないってことをまずは優先していただきつつ、まずはポジティブに捉えるしかないんでしょうかね。ぐずぐずいう気持ち、分かりますしね。僕だったらいつまでもぐずぐず言ってるんでしょうけども。,Rose
田丸,00:14:30:00,00:14:57:11,でもその上でじゃあ何ができるかですかね。思考の切り替え、転職先、異動先でのことをまずはしてみるっていう、それこそ道自分が接点がなかったという分野のはずなので、まずはそっちの知識を仕入れてみることで見えてくるものとか、案外あれ？これ面白いかもっていうところが見える可能性って全然まだやる前なので、やっぱやってみてから判断する。,Rose
田丸,00:14:57:15,00:15:13:04,で、もっというと、自分自身がそれまで培ってきたものとの掛け算ですよね。これは何かしらはできるはずなので、どうやったら掛け算ができるのかっていうところを探っていくっていう感じですかね。,Rose
田丸,00:15:55:13,00:16:19:08,僕自身はですね、作品を書くときにトラブル発想法みたいな、名付けてるものがあって。で、もう本当にトラブルエラーとかハプニングとかも含めてですけどね、予期せぬトラブルに対して。それがじゃあどう架空の背景、これは何で起こったんだろうとかっていう架空の嘘の背景を考えるとお話になっていたりもするんですよ。,Rose
田丸,00:16:19:10,00:16:41:06,何でしょうね、例えばですけど、ズームでRRでミュートのまま喋っちゃってたみたいな。これは深刻度は軽いですけどね。こういう、例えばこういう軽いトラブルめいたものが起こった時に、じゃあこの喋ったことが普通にカットされているだけじゃなくて、ネット空間をウェブ上をさまよってるんじゃないかとか、空想妄想だよねと言ったら終わりなんです。,Rose
田丸,00:16:41:06,00:17:17:04,ただ、そこから始まるもの、トラブル、深刻なものは別ですよ。ですけど、トラブルとかエラー、ハプニングをまずは肯定してみる。そしたら動き出すものって結構あるんですよ。で、で、楽しくなってくるっていうのはありますね。あとは作品面だけじゃなくて、この活動面で言いますと、実はわりと最近もありまして、自分がイベントを複数人でやるようなイベントに呼んでもらって、で、自分のパートを任させていただいたって、みんなで書き方お話を書きましょうねみたいな、そんなイベントだったんですけど。,Rose
田丸,00:17:17:06,00:17:36:00,そこでですね、主催の方、信頼できる方だったんですけど、その主催の方が僕がやってるプロダクトじゃれぼんという、こうみんなでリレー小説をできるようなプロダクトを仲間と作ってるんですけど、その日はそれをやる予定全くなかったんですけど、ちょっと今日これをコラボってできないですかっていうことで言っていただいたと。,Rose
田丸,00:17:36:02,00:17:51:13,僕の中では全く想定してなかったことだったんで、どうしようと思ったんですけど、ただそれはその主催の方がすごい信頼できる方だったということで、僕のこともよく知ってくださっているということの上で、じゃあどうしようかと。,Rose
田丸,00:17:51:16,00:18:09:04,結構スイッチ入りましてですね、火がついて、いや、じゃあもう考えますよっていうところで、すんごいワクワクし始めて。で、やっぱりそういう時ってやっぱり出るんですよね。この新しいやり方っていうのが、新しい使い方が実はそこである意味生まれたというかなんですよね。,Rose
田丸,00:18:09:05,00:18:29:09,めちゃくちゃ興奮して。これ、いわゆるムチャぶりに対する切り返しによって、たぶんイノベーションが生まれるってことだと思うんですけど、そういう意味でも、このある意味トラブルとかハプニング、もっというと転職とか異動って無茶ぶりだという捉え方もありますよね。で、そこにどう返すかによって、そのムチャぶりが大化けする可能性ってあって。,Rose
田丸,00:18:29:09,00:18:49:09,ってなると、めちゃくちゃワクワクしませんかっていうのはちょっと僕も言いながらちょっとワクワクしてきたんですけど、それは何かやっぱそういうことが実際ありますからね。なので、まあひとつそういう大化けさせるためにはどうすればいいかというか、大化けさせる、今ビックチャンスかもなっていう捉え方はあるかもしれないですね。,Rose
田丸,00:19:54:00,00:20:26:06,そうですね。器用貧乏っていう言い方しますよね。でもジェネラリストっていうことも言えると思いますし、僕はあんまり企業銀行と思わないですね。元々言葉知ってますけどね。あんまり考えたことなくて。いや、面白いですよ。できること増えるんで。で、向き不向きとか苦手なことはあるとしても、何でしょうね、やっぱりどこかでやったことっていうのは必ず自分に返ってきてくれると思っていて。,Rose
田丸,00:20:26:06,00:20:48:09,僕は職業柄、作品という熱を受け入れやすい消化させやすいものがあるっていうのはちょっと立場的にずるいんですけど、でもそれを差し引いても、自分の活動面でも、あの時やったことはこんなことで今結びつくんだとか。じゃ、これ20年前に何か考えたことあったやつですよとか、何かちょっと体験してたやつですよみたいな。,Rose
田丸,00:20:48:11,00:21:10:10,いや、めちゃくちゃあるんですよね。で、やっぱこうしてるっていう状態で、今の時代で確かに調べようと思ったら調べることは可能なんですよ。ですけど、何かもう何でしょう、身についてる、染み付いている状態、能動的な作業になってない。もう裏でずっと走ってる、演算してるような状態になってると思うんですよ。,Rose
田丸,00:21:10:15,00:21:33:23,体験したこととか経験したこと、身につけてきたものって。なのでもう考えるまでもなく脊髄反射みたいな感じで新しいアイデアに結びつける、その土壌を耕しているっていう、これは僕は間違いなく言えるので、むしろ自信を持って今演算中のとこにフォルダに盛り込みましたみたいな、そんな感じの捉え方はどうかなと思いますね。,Rose
,00:00:00:00,00:00:10:02,--- 20s GAP ---,GAP_2
田丸,00:22:16:15,00:22:43:23,AI例えばAIですかね。わかりやすいトピックですけど、僕は共存タイプですね。で、対立を煽るような感じもあるんですけど、その作家の創造性が危ぶまれているとか、いや、もちろん著作権問題はあるんですが、それはダメですけど、それは置いておいた上で、例えば電卓とかエクセルを使うような感じでAIを活用することによって、より自分のできることが増える。,Mango
田丸,00:22:44:01,00:23:05:05,創造する領域、できる領域とか、もう拡張されるみたいな感覚はあって、常に使ってるわけではないんですけど、でもこのアイデアの一つの刺激、揺さぶりにはしてもらってますね。,Mango
田丸,00:24:03:23,00:24:24:16,AIですぐ新しいものが新しく見えるようなものが生成される、そんな時代にもなってますけどね。それっぽいお題を打ち込めばショートショート作品というのも生まれるんですけどね。そんな中でそれも面白いんですではあると思うんです。要するにそれを受けて、じゃあ自分が何をまたインスパイアされて書くかっていうのが大事だと思うんですけど。,Mango
田丸,00:24:24:21,00:24:47:12,でもじゃあオリジナル人がやると言いますか、オリジナルって何かっていうところは、僕はあなたがやる、自分がやるという、もうその時点でオリジナルなものだと思っていますね。で、それで言うと、AIに個性がもっと宿ってきたら、AIが作ったものだってオリジナルなものって言えるようになってくる、来うると思うんです。,Mango
田丸,00:24:47:14,00:25:09:04,それはだいぶ先なんですけどね。それは大分だいぶ先というか置いといてややこしくなるので、人がやるってことであれば、あなたが生きてきたものって全く同じことを辿っている人は当然いないわけで。で、じゃそんなあなたが生み出すものを、そんなあなたが感じているものを教えて欲しいってのはある。,Mango
田丸,00:25:09:09,00:25:27:22,で、これ逆に言うと、どっかで聞いたことのあるようなものの側だけを適当にインストールまで言ってない。借りてきたものを自分の意見のように言ってしまうと、これもAIの方がむしろそれっぽく見せられるようになってますから、そこは注意しないといけないのか。,Mango
田丸,00:25:28:00,00:25:47:09,ある意味シビアだと思いますよ。適当に合わせておくってことが見抜かれてしまうし、そこにオリジナルなものが宿りづらく、よりなってると売りづらい。今まではそんなこと考えなくても適当に合わせているとか、借り物を言ったらそれっぽく収まってた場面ってもっとあったと思うんですよ。,Mango
田丸,00:25:47:11,00:26:12:09,でも今だったら、そしてこの先はもう借り物の考え方とか感想とかだと、多分嘘っぽくなる、見抜かれやすくなると思うんですよ。なのでどんなに最終的に人と同じようなことを言っててもいいと思うんです。全然いいんです。ですけど、それはあなたが発していることであるかっていうところで参照先があってもいいんです。,Mango
田丸,00:26:12:09,00:26:28:05,最初は借り物でも当然いいんですけど、それを咀嚼した上で今、今を生きているこのあなたが、本当に心からそれを思っているのか、感じているのかというのを発するこのトレーニングは必要だと思いますね。,Mango
田丸,00:26:42:09,00:27:00:05,やっぱりこのまずアイデアにも宿りますし、アイデア、それから文体、ディティールっていうところに全てですけどね、結論の全てに宿ってくるとは思うんです。で、アイデアでいうと、例えばですよ、じゃあ自分が南極を冒険してきましたと、かなりわかりやすいオリジナルエピソードとするじゃないですか。,Mango
田丸,00:27:00:05,00:27:19:13,日本においてです。そのお話の南極にまつわるアイデアを考えることができた時点で、これはわかりやすい例ですね。で、それだけじゃない。そしてそれがないことに悩んでいる人が多いと思うんですよ。自分には固有なものはない。で、それの話でいうと、文体とか、まあまあ自分のこうディティールですかね。,Mango
田丸,00:27:19:15,00:27:38:02,どんな言葉をチョイスするのかってところにも、やっぱりオリジナリティは宿るって話なんですけど。例えば僕はショートショートの書き方講座も10年以上何万人とやらせてもらってるんですけど、例えばしゃべるテレビとか走るトイレみたいな作品って、特に小学生の方だとわりと出るんです。,Mango
田丸,00:27:38:02,00:27:55:19,あと、消しゴムの話とか書く消しゴム、ペンのようにかける消しゴムとかで。これって今聞いただけで、多分多くの方がどっかで聞いたことあると思っていただけると思うんですね。やっぱりそれは実際アイデアとしてはある意味手垢が付いてるという言い方ありふれてますよ。,Mango
田丸,00:27:55:21,00:28:21:10,ですから、アイデアとは言い難いレベルにまでなってきてるものなんです。外で。そういう場合も、じゃあどう書くかですよね。例えば走るトイレって言った時に走るって描写一つにとっても、多分その方が鬼ごっこ的に走るっていうところで書いたら、しかもそれは実際普段やってる鬼ごっこの描写に基づいて例えば描いたとしたら、それって他の人には描けないでありますし。,Mango
田丸,00:28:21:14,00:28:38:08,で、前にですね、僕が関わってコンテストの中で月に修学旅行行くみたいな話があったんですよ。で、それ自体をアイデアとしてはまだまだ活かせますし、で、例えば僕も考えたことあるって、そういう似たようなお話書いたことがあったんですよ。,Mango
田丸,00:28:38:12,00:29:02:23,で、それ小学生の方かな。中学生の方、小中学生の方が書いてくれたんですけど、その月に修学旅行に行った時に生活科ノートに記入したみたいな、そういう感じの描写があったんですよ。いや、僕には書けないと思って。それはやっぱり今を生きている小中学校創生の今のその方だからできた表現なんですよね。,Mango
田丸,00:29:03:02,00:29:26:19,なので何か意図してやる場合もありますし、それをコントロールできるようになったら、それはまたプロの領域に近づけますけど、そうじゃなかったとしてもにじみ出るもの、つまりこれは文体ですけど、どうしてもにじみ出るものっていうのはもう避けて通れないものなので。まあプロを目指す方じゃないんであれば、あんまり気にする必要はないというか、本気で表現したものとか発したものっていうのは自ずとにじむよってことですかね。,Mango
田丸,00:29:26:19,00:29:32:07,それは伝えたいなと思いますけどね。,Mango
田丸,00:29:56:18,00:30:14:22,僕の普段の書き方講座で、アイデアが、これはもうどこかで見たことがあったりとか、僕自身が書いたことがあるよというアイデアに遭遇すること。これあるかないかというと、事実としてはやっぱりよくあります。よくありますけども、まずはまあいいですよってことですね。,Mango
田丸,00:30:14:22,00:30:32:14,いいですねっていうところを意図的にパクっているってことは除きますけど。まあでも何て言うんですかね、結局このよく言うんですよ、このありがちでやつなんですけど、ありがちを乗り越えていかないと、オリジナルなものとかプロの領域っていうのはいけない。,Mango
田丸,00:30:32:16,00:30:57:10,で、それも逆に言うと、ありがちを経験するということがめちゃくちゃ大事なんですよ。で、1本目から相当独創性に溢れたことができる方も稀にはいます。いわゆる天才なんですけど、それは基本的には自分ではないっていう前提の上で、じゃ天才ではない自分が僕らくそうですよが何をするかっていうと、まずありがちからやろうよってことなんですよね。,Mango
田丸,00:30:57:10,00:31:20:20,わかります？めちゃくちゃの。こんなの出したらどこかで似たような絶対あるだろうなって思えてる時点でその人は強いんですよ。これ無自覚でやってる方がなかなか難しさがこの先の難しさがあるんですけれども、でも自覚できてる時点でもうこれも自分に厳しい人なんで、もうそういう人ほど、まずはもうもう自由に好きに描いてくださいよと。,Mango
田丸,00:31:20:22,00:31:42:04,で、そしたらいろんな視点が見えてきて、で、またいろんな視点で作品に触れる視点、作品、アイデアに触れることで、ああ、それもありだったんだってどんどん気づくことができるんで。やっぱこのジャッジできるからこそ、一歩踏み出す勇気っていうことは伝えたいですかね。,Mango
,00:00:00:00,00:00:10:02,--- 20s GAP ---,GAP_3
田丸,00:32:27:10,00:32:51:03,KPIは本当によくありますよね。僕自身もありますよ。わかりやすいのが売上ですよね。で、それが続かないと商業でやっていくってやっぱ厳しい。これはもう現実としてありますからね。はKPIには向き合わざるを得ないんですけど、ただやっぱそれが全てでは全くないっていう、ここですよね。,Yellow
田丸,00:32:51:03,00:33:26:00,出たらそれもですね、やっぱりKPI達成してるから言えること言いやすいなっていうのが難しさで、同時にあってめちゃくちゃ分かりやすいかでいうと、作家でいうと夜じゃ。自分の好きなものを書いている。それはいいんですけど、好きなものを書いてて、で、それが全く売上を伴っていないんだという状況の中で、じゃあ日々どうやって生きてくか、食っていくかっていう話なんですよね。,Yellow
田丸,00:33:26:00,00:33:52:17,なのでKPIっていうところを、何ですかね、数字、数字っていうところも見ていかないと長続きしない。やっぱサステナブルじゃないなってのは僕はあるんで、まず両方の視点を持ちたいなっていうのはありますね。で、その時点でその、そうですね。あとはなので、KPI、納得できるKPIだったら目指していいと思いますね。,Yellow
田丸,00:33:52:17,00:34:13:22,一つ一つのものとして目指していくのも僕はいいと思いますし、そこにも正しさっていうのはある意味あるとは思います。一方で、そればっかりになるっていうのはやっぱり怖いことであり、で、それが全てであるという思考停止になるのが怖いことを達成することが目的になってくると、いわゆる目的と手段の違いみたいな話に。,Yellow
田丸,00:34:14:00,00:34:29:20,これ油断するとすぐなりますから、そこが怖い。で、もう一つは、あなたがどう思うか、自分がどう思うかが消えていく可能性がすごくあるなと。これがAIの話とも絡むんですけど、自分自身を失っていくと、それ代替可能なものになっていく。,Yellow
田丸,00:34:29:20,00:34:47:06,AIで可能なものになっていくので、っていうシステムに組み込まれちゃうんですよね。なのでKPIを意識すると同時に、それ仕事上じゃなくてもいいんですよ。週末とか夜、家でやってもいいんですけど、あなたはどう思うか、どう感じるかの時間をちゃんと作る。,Yellow
田丸,00:34:47:08,00:34:52:17,ここが一番大事だと思ってますね。,Yellow
田丸,00:35:16:15,00:35:38:15,数字がこううまくいってるけどしんどいなっていう時は、僕はですよ、個人的には結構危ないっていうようなってのがありますね。その状態フラグ立ってますよねっていうのは結構思います。っていうのは、何の不良かっていうと、やっぱあなたのグラフですと自分の、いや続かないですよ。,Yellow
田丸,00:35:38:17,00:36:05:18,あと僕は何かいろんな活動に共通するというか、大事にしてるつもりなんですけど、やっぱり短期的であったり、瞬間最大風速ってあんまり興味がないですよ。うん。だったりもしますし。いや、中長期で見た時に基本的には長いですからね。この先もやっぱそれはやっぱ破綻しますよっていうのは結構ありますよ。,Yellow
田丸,00:36:05:23,00:36:27:17,いや、その、自分がこう常にぬくぬく気持ちいい環境はそれはそれでまた違うとは思うんです。常にそれっていうのもまた違和感はなくはないんですけどね。でもやっぱりこの。心が伴っていないっていうのは相当怖いことですよ。,Yellow
田丸,00:36:27:19,00:36:49:10,なのでそれでも納得できるものがあるうちは続けてそこで学んでいくのがいいのかもしれません。やっぱりやっておいて損はないと食っていけるうちは、それこそじゃあ10年後に生きるのかもしれません。KPIをかつて追っていたことのある自分っていうのが、やっぱりそれを追えなかった人への気持ちへの配慮にもなります。,Yellow
田丸,00:36:49:12,00:37:00:07,察することにも繋がりますから、これは活かすよなんていくらでもありますけど、今しんどいんだったらちょっと立ち止まって考えた方がいいと思います。,Yellow
田丸,00:37:31:07,00:37:49:06,数字がこう見えてるっていうことの安心感ってのはあるとは思うんですけど、やっぱそれだけだと危険というか、新しいものなんて絶対できないっていうのがあって。で、いわゆる市場がもうあるところ、レッドオーシャンになってますから、出るっていう前提ですね。むしろブルーオーシャン見つける苦労はありますけどね。,Yellow
田丸,00:37:49:09,00:38:17:12,それで言うと、自分の場合、かつてショートショート大賞というショートショート専門の賞を立ち上げたことがあるんですよ。で、これも立ち上げにあたっていろんな働きかけといいますか、いわゆるプレプレゼンテーションをいろんな方にさせてもらったんですよ。で、その中で、ある会社のある方からですね、いや、田村さんがやろうとしてることは面白いと思いましたし、ショートショートもこれから来るような気がしますと、話を聞いた限りで言うと。,Yellow
田丸,00:38:17:17,00:38:44:03,でも、このショートショート大賞文学賞を立ち上げるのは、ショートショートが来てからでもよくないですか？って言われたんですよね。で、それが多分数字の話と同じだと思うんですけど、僕はちょっと若気の至りもあって、ちょっとカチンと来てしまったところがありまして、生意気にもですね、やっぱこのムーブメントっていうのは、この乗っかるものではないくて、自分たちで作るものなんじゃないですか。,Yellow
田丸,00:38:44:04,00:39:02:00,上って話をもうちょっと生意気に多分言ってるんですけどね。またそん時に同じ場にいてくださったお立場的には一番なんでしょう、いわゆるトップの方はニヤニヤしてくださってて、すごいその後、全面賛成して応援してくださることになったんですけど。,Yellow
田丸,00:39:02:05,00:39:18:23,で、やっぱりこの蓋を開けてみると、これ、これは結果論ですけど、結果的にはかなり応募いただいて、どうやったんだとかうまく乗っかりましたねみたいな。なんならそこまで言われたこともありますけど、それでも結果論ですけどね。それ、うまくいかないこともあるでしょう。,Yellow
田丸,00:39:19:00,00:39:58:12,ただ、やっぱり数字が見えてない未知なるものっていうものに挑めるんだったら、挑んどいて損はないと思いますね。それを心から信じる、信じることができるのであれば、ダメだったときに本当に納得できたりするのであれば、僕はこう、数字っていうものに惑わされないで、やっぱり自分がどう思うかとか、今はない数字、眠っているはずのいわゆる鉱脈と言うんですかね、可能性っていうところを感じられるようになっといた方になっておいても損はないのかなとは思いますけどね。,Yellow
田丸,00:40:29:21,00:40:49:20,直感とロジック、理屈でいうと両方ですね。もうまずはやっぱ直感と言いますか、心ですね。自分が心底面白い。僕はショートショートというものを大好きで、面白いと心底100思ってます。100万を持っていて、で、それを生み出すこともそうですし、自分が生み出すこともそうで、人にもしよければやってみませんか？,Yellow
田丸,00:40:49:20,00:41:27:03,って胸張っておすすめできるってのおすすめ100%僕は個人的にはおすすめできますとか、まず自分が100%っていうところがあります。で、その上で理屈と言いますかね、客観的な視点ですかね。このかつて一大ブームになった時代があったとか、読書、僕自身もそうだったんですけど、読書が苦手だったとしても、身近さとかそれだけじゃないこのアイデア、ワクワクできるっていうお話の内容面も含めても、読書嫌いの方が好きになるきっかけになり得るんじゃないかっていうところですよね。,Yellow
田丸,00:41:27:05,00:41:46:01,やっぱり。実際これは読書苦手な方。活字離れっていうのはこれも浸透している、この残念ながらですけども、浸透しているものなので、そこに対して説得力を持って話せるなっていうのは、これはやっぱありましたね。だからロジックというかロジックでいうと数字を持っていきました、一応。,Yellow
田丸,00:41:46:01,00:42:04:06,で、それも今考えると全部ペロペロです。検索数とか何か何かが表面的に得られる情報を僕もやっぱり画策しました。やっぱこういうのはあった方がいいんだろうなと。で、これでも今思う振り返っての印象ですけど、多分そうかあんま見てないと思いますよ。,Yellow
田丸,00:42:04:06,00:42:30:10,やっぱりというか、見抜けますよね。説得にかかってるための。だからそれがファーストで来てしまうと、多分冷めちゃうんじゃないですか？です。じゃあ逆に何かそっからゴリゴリに数字から説明されても僕は乗る乗らないですね。僕はですよ、やっぱりあなたがどう思ってるのかっていうところで、その人と人が信頼できるか、想いを信頼できるかっていうところで、それで突っ走り過ぎてる手はないだろうか。,Yellow
田丸,00:42:30:16,00:42:40:09,同時に客観的視点もちゃんと持ち合わせてからてるかどうか。そういうところで僕自身は人が言ってることを見ますかね。,Yellow
,00:00:00:00,00:00:10:02,--- 20s GAP ---,GAP_4
田丸,00:43:24:03,00:43:51:09,みんなでこう何かやるっていうことに対して、その良さ、楽しさもあると同時に、ぼやかしてぼやけてしまうなっていう課題も常にあると思うんですが、これは小説に限らず多分あらゆるもので。で、まずこの自分自身の話で言いますと、僕はショートショートの書き方講座で、時々連続講座ということで、みんなでワイワイアイディアを出し合うみたいな、そんな会をやることがあるんです。,Tan
田丸,00:43:51:11,00:44:09:02,で、それはまず軽く自分のアイデアを考えてもらって、個別で考えてもらって、で、それを例えば4人ぐらいの場の皆さんに披露してもらいますね。これは自分はこういうアイデアを考えているんだけど、で、こんなストーリーあらすじをなんとなく考えています。で、それを他の人が聞いてくださっていいですね。,Tan
田丸,00:44:09:02,00:44:23:13,自分はこうこれも感じましたとか否定するとかではなくて、これこれはどうなってますか？例えば発電に使えるタコっていうのがいるんですよっていうことを考えた人がいたとして、面白いですね。タコがいるんだったらイカもいるんですか？,Tan
田丸,00:44:23:15,00:44:39:17,考えてなかったです。イカもいるかもしれませんねとか、そういうやり取りを重ねて、自分のアイデアっていうものを膨らませる。で、考えてなかった視点について迫るみたいな、そういうアイデアセッションと僕は呼んでるんですけど、平たく言うとブレストですよね。それをやっています。,Tan
田丸,00:44:39:19,00:45:07:16,で、その、それってすごいうまく機能するんですよ。で、これ意識していると言いますか、自覚しているポイントとしては、最終的にその人が作品を、自分の作品を書かないといけないというシチュエーションだってことですね。なので例えばブレスト参加する側、質問する側も適当なことしてると自分に質問してもらえなくなってしまう可能性があるので、そういう意味でも前のめりになると自ずと前のめりになりますし、自分のこの描く人もそうですね。,Tan
田丸,00:45:07:16,00:45:28:00,描く人も何か最後自分がまとめないといけない。責任者は自分なので、何かここでアイデアをいっぱいいただく視点をいっぱいいただいて、耕されるのが一番得するのは自分なので、この場をどうやっていい感じにしようかというところで前のめりになってくださる当事者になってくれるっていう、そんな構図にはなってるんですよ。,Tan
田丸,00:45:28:01,00:46:00:03,で、これによってあの方、やっぱり自分になかったアイデア、視点にたくさん触れることができるので、成長速度が早かったり、やっぱりこの面白さってところは増す傾向はあると僕は思ってます。で、その上でやっぱりこのいわゆる会議というところも一つ応用ができるとすればですよ、みんななんとなく責任の所在が不明、曖昧なままになんとなく意見を言い合うっていうブレストをしてしまうと、何か結局。,Tan
田丸,00:46:00:05,00:46:32:06,良くも悪くも無責任すぎる発言が増えてしまう可能性があるなと思ってて。やはり最後は自分が責任を取らないといけないのであれば気も引き締まりますから。なので、例えばそれぞれ課題を抱えている、自分の課題を抱えている人たち同士が集まって、一つの課題について複数人が集まるというよりは、自分が抱えている課題をたくさんみんな持ち寄って、自分はこういう課題を抱えていて、皆さん担いでありますか？,Tan
田丸,00:46:32:06,00:46:59:20,みたいなことを皆さんに募って。で、じゃあ次山さんみたいなことをすると、その場にいる皆さんは結局責任を取るのは自分の案件であると同時に、この場にちゃんと能動的に楽しく参加してないとアイデアもらえないってことであるのと思うので、よりブレストとしては機能するようになるのかなとは思いますけどね。,Tan
田丸,00:47:46:17,00:48:07:18,そうですね。もう僕はもう参加しないっていうところを選んできはしました。なるべくしましたけど。そしてやっぱり内職をするというところか。場を乱さないようにですよ。そのその範囲内で違うこと考えるレベルから違う仕事をしてるみたいなことまで。,Tan
田丸,00:48:07:20,00:48:22:12,まぁでもやっぱ正直それはあると思いますね。ただそれじゃない選択肢をじゃあどうすればいいのかっていうことですよね。なんでしょうね。,Tan
田丸,00:48:22:14,00:48:45:19,まぁでもそうなほんとケースバイケースだと思うんですけど、例えば自分がそこまでまだ興味を持ててないような話題なのであれば、やっぱりこれを機にですよね、これを機にっていうことで、もうめちゃめちゃ担当者の方に質問するというか、これ0ベースでごめん、素人でごめんみたいなことで、ちょっとそもそも状況はどんな感じなんですか？,Tan
田丸,00:48:45:19,00:49:13:13,とかをめちゃめちゃヒアリングすることで、自分の肥やしにする、自分のインプットにする時間というか、何かそのそうですね、ブレストアイデアを出すことを求められ、求められているのかまでは役割が曖昧な会議に呼ばれてるんだったら、まぁそうですね。いい言葉かわかんないですけど、社会勉強というか、それやっぱり生きるんですよね。,Tan
田丸,00:49:13:15,00:49:30:06,ここで、これは僕の職業柄なんですけど、何かそういうRRをしていることとか、その間にどんなことを考えてるかとかって、多分あれだからこそ共感性が高くて、作品のワンシーンに出すと、より作品世界に入ってくれる可能性が増すっていう。,Tan
田丸,00:49:30:12,00:49:46:21,僕は職業柄そういうこう得な面はあるんですけど、でもな。自分だったらどうするかとか、シミュレーションする時間に充てるんですかね。,Tan
田丸,00:50:30:07,00:50:54:12,いわゆるマンネリ化みたいなことですね。本当にメンバー時間固定化して、なんならお互いのプライベート的なことも割と興味関心も共有されてる中で、もう掘れないよみたいな感じでも今言ったのように直近話題あなた君が話題好きな直近でこう好きなものはないん？,Tan
田丸,00:50:54:13,00:51:14:22,興味あったもの何？とか趣味？最近の趣味って何かある？とか、ハマってるものは何かある？みたいな割と差し支えのない範囲でプライベートに関することを聞いてみるっていうのは結構僕はお勧めで。で、これが掛け合わせですよね。自分に興味関心がないことでも、目の前に座っている方は興味関心があるかもしれない。,Tan
田丸,00:51:15:01,00:51:37:23,で、そこにその人のでも入ってないかもしれない仕事にでもというと、仕事と関係ない話をちょっとしてもいいと思ってて、特に行き詰まってるんだったら、いや、わかんないですよ。じゃあベターですか。釣りが好きなんだ。で、もうちょいちゃんと解像度を上げて、釣りの中でもどういう釣りが好きなんで、例えばですよ、いや、船釣りかと思ってたら、いや、陸からやるのが好きなんだとか。,Tan
田丸,00:51:38:01,00:51:57:14,で、何でですか？とかとか、どんな魚が釣れるんですか？とか、その魚の模様はこうで検索して、この名前を知らなかったけど、こんな魚いるんですねとか、でも最近魚見てなかったなってところから、もしかしたらかける釣りなのかこれベタですよとかその魚の模様とかなのか。,Tan
田丸,00:51:57:20,00:52:18:12,いや、そういえば水族館と家のプロジェクト掛け算したらどんなことが考えられますかね？とかで、その掛け算先掛け合わせ先のヒントを探る。で、これが割と好きなこととか興味があることと掛け合わせると結構ドライブしてくるんですよというのが魂宿っているからですね。,Tan
田丸,00:52:18:14,00:52:42:13,わかりやすいのは、適当な言葉とか話題を持ってくる。これもいいんです。例えばネットからランダムで写真とかを適当に引っ張ってきて、むりくりこれと掛け算しましょう。これも一つの手だと僕は思ってます。と同時に、もう既にいらっしゃるメンバーの中に材料はあり得る、存在しうると思ってちょっと深掘ってみる。,Tan
田丸,00:52:42:13,00:53:04:09,あなたのパーソナルなことと掛け合わせてみませんか？というこのついつい仕事となると。プライベート言いたくない人別ですけども。これって何か仕事と関係ないんじゃないかって思っちゃうと思うんですよ。で、あんまり関係ないことを垂れ流してもしょうがないんですが、でもすごい灯台もと暗しですよね。,Tan
田丸,00:53:04:14,00:53:19:08,で、で、思い込みがそこには絶対働いてて、で、もったいない、損してると思うんですよ。なので本当にこれやっぱりあなただから感じていることをちょっと一回披露してほしいなというのがありますよね。,Tan
,00:00:00:00,00:00:10:02,--- 20s GAP ---,GAP_5
田丸,00:54:02:14,00:54:45:05,この僕自身、一個人の作家ですから、いわゆる部下みたいな方はいないので、僕が言う何かを言える立場ではないんですけど、近しい話でいうと、自分のショートショートの描き方、講座に来てくださる方々も、小学生からシニアの方までっていう皆さんですとか、それから自分の関わってる文学賞の出身者の方方ですかね、一緒に盛り上げていこうとする仲間に近い方々とはいえ、もっとスキル的には頑張れるなっていう方たちもいますから、その方たちに自分がどうしているかってことでいう,Caribbean
田丸,00:54:45:05,00:55:04:20,と、まあやっぱりいいと思ったところはちゃんと伝えるってところですか。これはできてるかはあれですけど、どっちかでいいと思った作品もそうです。このアイデアがいいと思った、この描写がいいと思った。この書き出しがいいと思った。で、当然これは上っ面じゃないですよ。,Caribbean
田丸,00:55:04:21,00:55:28:08,本当に自分がいいと思ったことだけ伝えしか伝わらないですけどって感じですかね。するとやっぱりこれがいいんだっていう感じですかね。何かポジティブなこの自分のこう添削というか、こっちに取り入れてみようかとかみたいな、このポジティブな意味でのこの自己研さんが働いてもらえたらいいなっていうのはあるんですよ。,Caribbean
田丸,00:55:28:10,00:55:47:10,この時に添削とか、例えば直す直しみたいなことが人を上達させることもそれはあると思うんです。場面によってはありますし、時には大事なんだと思うんです。その上で、それをやるとしても、やっぱりいいと思ったところは伝えていかないと。,Caribbean
田丸,00:55:47:12,00:56:16:08,結局この場が恐怖、緊張でがんじがらめになっていて、新しいものは何もできないしで、顔色伺いになると思うんですよね。特にその書き方講座で大事にしてることはこうすべきですよねとか、僕なりのアイデアっていうところを一つだけしか提示しないとかっていうのも絶対しないんで、アイデア提示しないんですけど、答えってのは相手の中にあるっていうところがすごい大事にしてるポイントですね。,Caribbean
田丸,00:56:16:10,00:56:40:05,で、それをいかに引き出すかで、もっというとちょっと過剰表現なんですけど、引き出させていただけるかっていうぐらいの気持ちで臨んでいるんですよ。で、どうか聞かせてほしい、教えてほしい。純粋な興味からっていう感じです。で、これ、なんでやってるかというと、普通に聞かせてほしいって気持ちもあるんですけど、実装していく力っていうところですよね。,Caribbean
田丸,00:56:40:10,00:56:59:03,で、結局簡単ですよ。例えばこのアイデアいいんじゃないですか？とかって提示するのって一応プロですから、いくらなのか、それもいっぱい出ますよ。ただ、それをやった瞬間にもう答えが僕の中にあるってことになっちゃうので。何が起こるかっていうと、これでいいですか？,Caribbean
田丸,00:56:59:03,00:57:27:13,になるんですよね。で、学校言語バーがわかりやすいですよね。お子さんたちが次からは迷った時にこれでいいですか？って僕に絶対聞きに来るはずなんですよ。その時点で自分の中で走ってるものでもないですし、今後全部答えを外に探すようになってしまうんで、答え合わせの人になってしまってて、結局自分が伴わなくなって虚しくなったりとか、やっぱりできることも少ないですし、なかなか成長することも難しいと思ってます。,Caribbean
田丸,00:57:27:15,00:57:59:09,その意味で、いわゆる任せるってよく言われるやつですけどね。任せるとか託すっていうところをやっていくってことなんだと思います。それがこの時そうしていける、任せるための0ベースだと難しいと思うので、そのために引き出させていただきたいなと。思いで接するとか、いいと思ったところはズバリちゃんと言うて照れずに言うっていう、そこでしょうかね。,Caribbean
田丸,00:58:34:17,00:58:55:05,僕自身の書き方講座の中で、やっぱ来て止まる方もいらっしゃいます。で、その時に手止まってるのが考えているのか、もう頭を演算してる途中で止まっているのか、もうこう途方に暮れて、もう訳がわかりませんで、真っ白になってて止まってるのか極端ですけど。,Caribbean
田丸,00:58:55:05,00:59:14:12,でもやっぱりこの2パターンというのはすごいわかりやすくあるんですよ。で、ではどうやって接するかというと、迷って考えてる方には声かけないですね。まずですし、パニックなっていそうな方には声をかけるんですけど、それはどうやって見抜くかっていうところで最後は理想です。,Caribbean
田丸,00:59:14:15,00:59:31:04,そうありたいということなんですけど、とにかく感じることですね。もうそれしかないです。で、それはもう全てです。あらゆる情報、それも目の動き。そもそも視線がどこにいってるか僕の場合書いてもらってるので、そもそも視線が定まってないとか動いてるとかのレベルもそうですし。,Caribbean
田丸,00:59:31:09,00:59:48:04,いや、ペン先に意思が宿るじゃないんですけど、何かこうやろうとしてる感じがあるのかないのか、それがポーズなのかどうかとか、何か周りを気にしてる素振りとかも、身振り手振りも全部ですね。もうあらゆる表情も全部そうです。,Caribbean
田丸,00:59:48:06,01:00:13:11,最後は雰囲気です。佇まいなんですけど、その個人とのコミュニケーションだと思ってて。で、そこをいかに感じられるかですよね。で、場合によってもちろん話しかけますよ。話しかけた瞬間に都度都度判断していくってことです。で、やっぱ話しかけた時にパニックかと思って話しかけたけど、考え中だったんだって思った瞬間にやっぱ引きますし。,Caribbean
田丸,01:00:13:13,01:00:35:23,で、何でも何にパニックなのかとかを丁寧に自分なりに話聞いてるつもりですし。例えば質問させてもらった後、選択肢みたいな質問ですね。いろんなコールこれも下もその他もあるけどどう思います？みたいなことを聞いた時に黙ってしまう場合もよくあります。,Caribbean
田丸,01:00:35:23,01:01:03:13,で、それも僕がいるから緊張してる場合も多分絶対あると思う、少なからず。でもそれが強いのかどうかとかで、まだピンと来てないだけなのかとか、何かこの演算モードに入ってくれてるのかとかとか、何かいろんなことを常にこう考えて感じることをして、でやってくみたいな感じですかね。,Caribbean
田丸,01:02:06:17,01:02:29:10,そうですね。僕でいうと審査事とこう方講座というのは明確に違って目的が違いますね。普段の書き方講座はとにかく楽しむためのものですし、第1歩を踏み出していくで、自分で走っていくっていうところを、これがもう完全に目的ですね。それを伝える審査事は、これはもうプロの世界ですね。,Caribbean
田丸,01:02:29:12,01:02:54:21,プロの世界でやっていくっていうところを見据えた時に、この先行けそうかとか、この作品1冊なのかとか、いろんなこう、あとプロとして耐えうるクオリティなのかってことを漠然とした話じゃなくて、言葉遣いからアイデアのオリジナリティーから文体にじみ出てくるものから、そういうところを最後は総合的に考えていくわけなんですけどね。,Caribbean
田丸,01:02:54:21,01:03:23:17,なので、目的が違うので一概には言えないんですけど、でもやっぱり難しさありますよね。本当に優劣をつけないといけないという順位が決まってしまうものなので、僕は本当にもどかしいです。本来、創作ってそうじゃない。そしてそれを伝えてる活動を日頃しているにも関わらず、まさにこの審査事ではそういう側面ではない。,Caribbean
田丸,01:03:23:19,01:03:48:23,僕の心構えとしては、だからこそとにかく特に審査事ですね。そのジャッジをしないといけない時、ここはもう本当に心から向き合うってことですね。全てそうなんですけど、僕、自分関わらせてもらう審査事って基本はカットさせないんですよ。例えば話し合う時間やあるんです。,Caribbean
田丸,01:03:49:02,01:04:14:03,奥使ってくださって、お手間をなるべくかけないようにと言っていただいて。例えば直接お話、話し合いの場を持たずに、メールとかデーター上で。で、あとは最後ソートして順番を決めるみたいなことも提案したことあるんですけど、基本的には自分の負担が増すんですけど、ちょっと最低でもやっぱ話しましょうって話はしますね。,Caribbean
田丸,01:04:14:03,01:04:38:10,オンラインでもいいんで。っていうのはやっぱりしますね。ここ最近もしましたけど、やっぱり血が通ってるものであれば覚悟ですよね。自分自身の覚悟を。いや、多いんですけど、僕はすごいそれ大事にしてて。じゃないとやっぱ申し訳立たないですよ。やっぱり絶対そんな手を抜く人間に絶対自分もなりたくないんで。,Caribbean
田丸,01:04:38:12,01:05:13:12,そこが自分の負担で済むんだったら、やっぱりより報われる。違うな、何かこの関わってくださった方がだったらわかりましたって言っていただける、なるべく言っていただけるようなものにこっちサイドで絶対するってことで、それは言わないでいいと思うんですけど、でもそういう覚悟はやっぱ持ったものに自分の関わるものは全部したいなとは思ってますけどね。,Caribbean
,00:00:00:00,00:00:10:02,--- 20s GAP ---,GAP_6
田丸,01:06:27:06,01:06:54:05,もう難しいと思います。本当に時間がないと思います。でも、頑張って捻出をするで、例えば決めるですかね。週に一回でもいいです。もちろん毎日でできたらいいんですよ。通勤の途中にあるこの区間は、歩いてる時にやるとかで、一人でやるのがあれだったらご家族とやるとか、その時間を決めてやるってことが、これも仕事と一緒でか、仕事の1個だと思った方がいいかもしれないです。,Yellow
田丸,01:06:54:08,01:07:08:20,これも自分に課している仕事なんだっていうことで、ちゃんと5分でもいいので捻出をするということです。で、じゃ、その何を空想すればいいのかって、これも様々なんですけどね。一つ、例えばですけど、歩いている時に目に入ったものですね。,Yellow
田丸,01:07:08:22,01:07:43:05,じゃあこれで何かちょっと自分の自社の商品とかむりくり絡めるとしたらどんなことが考えられるだろうかみたいな現実に即した方向もあるでしょうし、もう全く頭のトレーニングだということであれば、もう荒唐無稽なことをいっぱい考えたらいいんですよ。何でしょうね、地道に該当性があったらですね、じゃあいきなり自分で自ら抜けて、根っこで歩きだして、そしたら横の街路も抜けて歩きだしたらどうだろうかみたいな、人類に反旗を翻したらどうなのかみたいな、いわゆるこう、ビジネス現場でいうと,Yellow
田丸,01:07:43:05,01:07:58:23,ちょっとえ？って言われるようなことでもいいと思いますけどね。その自分のこの空想するということの目的。そうですね、現実的なところに合わせつつ、空想するっていうところを取り入れてもらうのがいいのかなとは思いますね。,Yellow
,00:00:00:00,00:00:10:02,--- 20s GAP ---,GAP_7
田丸,01:11:01:14,01:11:29:13,毎回。本当面白いですよ。もう皆さん、例えばですけど、某銀行の頭取も受けてくださったことがあるんですけどね。その方とかは頭取だけじゃなくて、その某グループの社長さんと頭取も合わせた社長さんたちに受けてもらったことがあって、ある方がですね、ドリブルするみたいな話を書いてくださったんですよね。,Caribbean
田丸,01:11:29:16,01:11:58:12,で、このATMがドリブルをしながら、いろんな困難を乗り越えて自分のとこまで来てくれるんですみたいなお話を書いていただいて。何てチャーミングなの。その方はサッカーが好きだったってことなんですけどとか、あとは省庁でやったときですね、農林水産省でやった時なんですけど、その時は東京ドームドームの中に田んぼがあったらどうだろうみたいな、そういうお話を書いてくださっていて。,Caribbean
田丸,01:11:58:13,01:12:17:04,で、めちゃくちゃ面白い。これは割とすぐできるコンサートとかやってるんで、期間限定で田んぼができたら、もう都内は田んぼもほぼないですからね。基本なので、東京ドームの中に田んぼあったらめちゃくちゃ面白いですねみたいな話からそこで泥んこサッカーもできますかねとかっていう話をするんですけどね。,Caribbean
田丸,01:12:17:06,01:12:35:08,なんでしょう、そういう話をさせてもらうと、企業とか家象徴の属性的に頭が固いと思ってたみたいな、その話を聞いた第三者の人です。ご自身たちもそうです。自分たちは日常的にお堅いことをしてるから、発想力なんかないんです。,Caribbean
田丸,01:12:35:10,01:12:57:22,だからちょっと来ていただけませんか。みんな入っていただくんですけど、全然そんなことないと。僕はだからニヤニヤしながら行くんですけどね。絶対できますよ。通り。で、やっぱそういうむちゃくちゃ面白い話も皆さん書いてくださっているんで、自信を持ってもらいたいなと思っているところと、自分自身が普段働いてるってことがもう既にインプットになってますから。,Caribbean
田丸,01:12:58:00,01:13:12:01,何でしょうね、銀行だったら銀行のあるあるですとか、銀行で働いてきたで得た知識ですとか、それを作品に反映することも可能になってくるので、とても面白いと思いますけどね。,Caribbean
田丸,01:13:53:11,01:14:31:01,そうですね。企業研修でワークショップをやらせてもらってたのが2017年ぐらいからなんですけど。そうですね。まずいろんな場所でやらせていただいてるので、その後続けていますみたいな方も出てくれてはいますね。実際業務に活かしてますとか、あの時の経験でこれを考えた、直接的ではないんだけれども、こういう新しいものは、実はあの時たまたま受けたことで目覚めて空想するアイデアを考えることを日常にした。,Caribbean
田丸,01:14:31:03,01:14:49:12,だからこの商品が今考えることができたみたいな、そういうあくまで裏の話になってしまいますけど、そういうお声はいただきますね。で、現場現場での話でいうと、いい意味で何も変わらないです。やっぱり毎回何年やっていようが私はできません。,Caribbean
田丸,01:14:49:14,01:15:06:20,お堅いんです、やったことないんですっていう方が毎回1定数いらっしゃって、そして私もできましたっていう嬉しい手前味噌なんですけど、嬉しい変化が毎回生まれているというところですかね。,Caribbean
,00:00:00:00,00:00:10:02,--- 20s GAP ---,GAP_8
田丸,01:15:26:01,01:15:57:18,そうですね。10年書きかた講座自体でいうと、もう10何年やって、2013年からやってますから、10年以上やってるんですけど、その間の変化っていうこともあるとは思いますけどね。あると思いますけど、どうでしょうか。ただ、その活動の初期からも、普段は事務職をやってるんだけど、週末はクリエイティブなことをしたいんだということで、その、その方は20代の女性でしたけどね、来てくださった。,Yellow
田丸,01:15:57:18,01:16:26:08,これも活動の初期からいらっしゃいましたし、この中はどうでしたかね、この中は。でも、つの転機かもしれないですね。そうかそれでその直近、最近はこの中っていうところで、やっぱり自分のキャリアとか生き方を見直した方が、もうちょっと自分の心に忠実でもいいんじゃないかという方で、その選択肢の一つとしてショートショートというものを選んでくださったんで、ちょっと今日来ましたみたいな、そういう方はやっぱいらっしゃるイメージはあります。,Yellow
田丸,01:16:26:13,01:16:44:10,で、もう一つはAIの台頭ですよね。よく世間でも言われるようになってますから、このままでいいのかっていうところで自分と向き合ったり、自分の子を自分が生み出すっていうことに興味があるんですっていう、そういう方は増えたようなイメージはありますね。,Yellow
田丸,01:17:02:11,01:17:27:08,そうですね。あらゆることが起爆剤になると思います。それこそすごく理不尽な思いをされている方が発散という意味で爆発できることがいい意味で爆発できることもあると思いますし、発散までいかなくても何でしょうね、昇華するってことを高めるために昇華そうですね昇華することもあるでしょうし。,Yellow
田丸,01:17:27:10,01:17:48:22,なんでしょうね、このストレスもそうですけど、強い何かを抱えている、抱いている方ははね、化ける可能性ってのはありますね。それは楽しいことでもいいんです。もうどうしようもなく楽しんだって。これが好きで好きでたまらないんだということがある方は、やっぱりそのブルースの熱量が宿りますしね。,Yellow
田丸,01:17:49:00,01:17:57:06,何かストレスだけではないですけど、強い何かを持つっていうのは、一つ一つの起爆剤にはなると思います。,Yellow
田丸,01:18:13:01,01:18:48:06,直感は、今まで自分が生きてきた人生ですって感じですかね。だから積み重ねたものもあれば失ったものもあると思いますけど、今この瞬間に、僕でいうと40年弱生きてきましたけれども、この40年弱という歳月がもたらす先に、その先っぽに今の自分が過去に影響を受けながら人生がにじみ出たものが直感なんじゃないかなと思いますけどね。,Yellow
田丸,01:19:10:02,01:19:30:05,確率はありますね。間違いなく確率論は言えると思ってますね。ゆらぎ確率そうですね。直観そうですね。それで言うと直観アイデアをひらめく。で、僕は日頃からこのアイデアって降ってくるものを待つのではなくて、自ら生み出すものを、そしてつくり出す、取りに行くものだと、そういうことを言っているんです。,Yellow
田丸,01:19:30:08,01:19:49:18,で、その心はというところで言うと、もちろんこの歳をジャンプ飛躍することというのはあります。ですけど、それをなるべく偶然性じゃなくて、必然に変えると、もっともっと必然に変えられるところはあるよってことを言っていて、それが言語化でなぜ思いついたのかっていうところですね。,Yellow
田丸,01:19:49:20,01:20:13:17,それをちゃんと言語化しておいて、それを例えばペンに一番上にペンで書くとひらめきやすくなるっていうことがわかっていれば、そうすることでひらめく確率って上がりますし、自分は自然の中だったらとか、散歩してる島とか、環境面で確率が上がるんだということがちゃんと言語化してわかっていれば、それをやることでひらめく確率っていうのは上がります。,Yellow
田丸,01:20:13:20,01:20:38:08,なのでその確率をいかに上げるかってことです。直感に従うってことは、僕はその直感とは何かっていうのは人生だと思うんで、その生きざまだと思いますけど、じゃ、その直感と言いますかね、ひらめくアイデアを手に入れるってことに関してで言うと、その確率っていうのは意図的に上げられるっていうのは、これは確信を持って言えますね。,Yellow